,Season and Name,ID,Date,Event,Status,Latitude,Longitude,Maximum Wind,Minimum Pressure
4,1851 Unnamed,AL011851,18510625,L, HU,28.2N,96.8W,80,-999
48,1851 Unnamed,AL041851,18510823,L, HU,30.1N,85.7W,100,-999
96,1851 Unnamed,AL061851,18511019,L, TS,41.1N,71.7W,50,-999
127,1852 Unnamed,AL011852,18520826,L, HU,30.2N,88.6W,100,961
163,1852 Unnamed,AL031852,18520912,L, HU,28.0N,82.8W,70,-999
223,1852 Unnamed,AL051852,18521009,L, HU,29.9N,84.4W,90,-999
338,1854 Unnamed,AL011854,18540626,L, HU,26.2N,97.0W,70,-999
352,1854 Unnamed,AL031854,18540908,L, HU,31.7N,81.1W,100,950
373,1854 Unnamed,AL041854,18540918,L, HU,28.9N,95.3W,90,-999
421,1855 Unnamed,AL051855,18550916,L, HU,29.2N,89.5W,110,-999
434,1856 Unnamed,AL011856,18560810,L, HU,29.2N,91.1W,130,934
451,1856 Unnamed,AL031856,18560819,L, TS,34.8N,76.4W,50,-999
487,1856 Unnamed,AL051856,18560831,L, HU,30.2N,85.9W,90,-999
555,1857 Unnamed,AL021857,18570913,L, HU,33.9N,78.0W,90,-999
623,1857 Unnamed,AL041857,18570930,L, TS,25.8N,97.0W,50,-999
631,1858 Unnamed,AL031858,18580914,L, TS,27.6N,82.7W,60,-999
640,1858 Unnamed,AL031858,18580916,L, HU,40.9N,72.2W,80,-999
641,1858 Unnamed,AL031858,18580916,L, HU,41.4N,72.0W,70,979
742,1859 Unnamed,AL051859,18590916,L, HU,30.3N,88.1W,70,-999
781,1859 Unnamed,AL071859,18591017,L, TS,26.4N,80.1W,60,-999
804,1859 Unnamed,AL081859,18591028,L, HU,27.7N,82.8W,80,-999
825,1860 Unnamed,AL011860,18600811,L, HU,29.2N,90.0W,110,-999
874,1860 Unnamed,AL041860,18600915,L, HU,29.3N,89.6W,90,-999
907,1860 Unnamed,AL061860,18601002,L, HU,29.5N,91.4W,90,-999
1004,1861 Unnamed,AL051861,18610927,L, HU,34.5N,77.4W,70,-999
1025,1861 Unnamed,AL071861,18611007,L, TS,35.3N,75.3W,50,-999
1027,1861 Unnamed,AL081861,18611101,L, TS,26.0N,81.8W,60,-999
1032,1861 Unnamed,AL081861,18611102,L, HU,34.7N,77.6W,70,-999
1037,1861 Unnamed,AL081861,18611103,L, TS,41.0N,72.3W,60,-999
1038,1861 Unnamed,AL081861,18611103,L, TS,41.2N,72.0W,60,-999
1214,1863 Unnamed,AL061863,18630918,L, TS,34.6N,77.1W,60,-999
1230,1863 Unnamed,AL091863,18630929,L, TS,29.3N,94.8W,60,-999
1308,1865 Unnamed,AL021865,18650630,L, TS,26.0N,97.5W,50,-999
1361,1865 Unnamed,AL041865,18650913,L, HU,29.8N,93.4W,90,-999
1366,1865 Unnamed,AL051865,18650907,L, TS,29.7N,92.0W,60,-999
1390,1865 Unnamed,AL071865,18651023,L, HU,24.6N,81.7W,90,-999
1392,1865 Unnamed,AL071865,18651023,L, HU,25.4N,81.1W,90,-999
1418,1866 Unnamed,AL011866,18660715,L, HU,28.5N,96.5W,90,-999
1530,1867 Unnamed,AL011867,18670622,L, HU,32.9N,79.7W,70,-999
1603,1867 Unnamed,AL071867,18671004,L, HU,29.2N,91.0W,90,-999
1612,1867 Unnamed,AL071867,18671006,L, HU,29.6N,83.4W,70,-999
1677,1868 Unnamed,AL021868,18681004,L, TS,29.9N,85.4W,60,-999
1725,1869 Unnamed,AL021869,18690817,L, HU,28.1N,96.8W,90,-999
1746,1869 Unnamed,AL051869,18690905,L, HU,29.2N,90.0W,70,-999
1757,1869 Unnamed,AL061869,18690908,L, HU,41.0N,71.9W,100,963
1758,1869 Unnamed,AL061869,18690908,L, HU,41.4N,71.7W,100,965
1799,1869 Unnamed,AL101869,18691004,L, HU,41.3N,70.5W,90,-999
1800,1869 Unnamed,AL101869,18691004,L, HU,41.7N,70.4W,90,-999
1801,1869 Unnamed,AL101869,18691004,L, HU,43.7N,70.1W,90,-999
1936,1870 Unnamed,AL091870,18701020,L, HU,24.7N,82.8W,80,-999
1938,1870 Unnamed,AL091870,18701020,L, HU,26.0N,81.8W,80,-999
1982,1871 Unnamed,AL011871,18710604,L, TS,29.1N,95.1W,50,999
1996,1871 Unnamed,AL021871,18710609,L, TS,29.2N,95.0W,50,-999
2015,1871 Unnamed,AL031871,18710817,L, HU,27.1N,80.2W,100,-999
2039,1871 Unnamed,AL031871,18710823,L, TS,31.2N,81.4W,60,-999
2076,1871 Unnamed,AL041871,18710825,L, HU,27.1N,80.3W,90,-999
2123,1871 Unnamed,AL061871,18710906,L, HU,29.2N,83.0W,70,-999
2156,1871 Unnamed,AL071871,18711005,L, TS,30.0N,83.9W,60,-999
2189,1872 Unnamed,AL011872,18720711,L, TS,29.1N,89.1W,50,-999
2191,1872 Unnamed,AL011872,18720711,L, TS,30.2N,89.0W,50,-999
2340,1872 Unnamed,AL051872,18721023,L, TS,27.9N,82.7W,50,-999
2348,1872 Unnamed,AL051872,18721025,L, TS,34.4N,77.7W,50,-999
2367,1873 Unnamed,AL011873,18730602,L, TS,30.8N,81.4W,40,-999
2441,1873 Unnamed,AL031873,18730919,L, HU,29.9N,84.4W,70,-999
2453,1873 Unnamed,AL041873,18730923,L, TS,27.8N,82.8W,50,-999
2505,1873 Unnamed,AL051873,18731007,L, HU,26.5N,82.2W,100,959
2531,1874 Unnamed,AL011874,18740704,L, TS,28.5N,96.2W,50,-999
2649,1874 Unnamed,AL061874,18740928,L, HU,29.1N,82.9W,70,-999
2652,1874 Unnamed,AL061874,18740928,L, HU,32.8N,80.0W,80,981
2775,1875 Unnamed,AL031875,18750916,L, HU,27.7N,97.2W,100,-999
2799,1875 Unnamed,AL041875,18750927,L, TS,30.1N,85.7W,50,-999
2873,1876 Unnamed,AL021876,18760917,L, HU,34.4N,77.6W,80,980
2954,1876 Unnamed,AL051876,18761020,L, HU,25.8N,81.4W,90,973
3007,1877 Unnamed,AL021877,18770918,L, HU,29.2N,91.0W,70,-999
3013,1877 Unnamed,AL021877,18770919,L, HU,30.4N,86.6W,70,-999
3099,1877 Unnamed,AL041877,18771003,L, HU,30.0N,85.5W,100,-999
3171,1877 Unnamed,AL071877,18771026,L, TS,29.3N,83.2W,40,-999
3197,1878 Unnamed,AL011878,18780702,L, TS,26.0N,81.8W,40,-999
3312,1878 Unnamed,AL051878,18780907,L, TS,24.7N,80.9W,60,-999
3314,1878 Unnamed,AL051878,18780908,L, TS,25.2N,81.0W,60,-999
3324,1878 Unnamed,AL051878,18780910,L, HU,28.6N,82.6W,90,-999
3333,1878 Unnamed,AL051878,18780912,L, HU,32.5N,80.4W,80,-999
3435,1878 Unnamed,AL081878,18781010,L, TS,29.9N,85.4W,50,-999
3537,1878 Unnamed,AL111878,18781023,L, HU,34.8N,77.1W,90,963
3619,1879 Unnamed,AL021879,18790818,L, HU,34.5N,76.8W,100,971
3622,1879 Unnamed,AL021879,18790819,L, HU,41.4N,70.8W,70,984
3646,1879 Unnamed,AL031879,18790823,L, HU,29.6N,94.4W,90,964
3669,1879 Unnamed,AL041879,18790901,L, HU,29.5N,91.4W,110,-999
3692,1879 Unnamed,AL051879,18791007,L, TS,29.0N,89.2W,50,-999
3726,1879 Unnamed,AL061879,18791016,L, TS,30.4N,86.6W,50,-999
3745,1879 Unnamed,AL071879,18791027,L, TS,29.0N,82.7W,60,-999
3785,1880 Unnamed,AL011880,18800624,L, TS,28.7N,95.7W,40,-999
3826,1880 Unnamed,AL021880,18800813,L, HU,25.8N,97.0W,130,931
3880,1880 Unnamed,AL041880,18800829,L, HU,28.2N,80.6W,90,-999
3887,1880 Unnamed,AL041880,18800831,L, HU,29.7N,84.8W,70,-999
3946,1880 Unnamed,AL061880,18800908,L, TS,29.8N,83.6W,50,-999
3950,1880 Unnamed,AL061880,18800909,L, HU,34.7N,77.1W,70,987
4021,1880 Unnamed,AL091880,18801008,L, HU,28.7N,83.0W,70,-999
4070,1880 Unnamed,AL111880,18801023,L, EX,41.3N,70.0W,60,-999
4072,1880 Unnamed,AL111880,18801023,L, EX,44.0N,68.8W,60,991
4089,1881 Unnamed,AL011881,18810803,L, TS,30.2N,88.3W,50,-999
4103,1881 Unnamed,AL021881,18810813,L, TS,28.0N,96.9W,40,-999
4193,1881 Unnamed,AL051881,18810828,L, HU,31.7N,81.1W,90,970
4212,1881 Unnamed,AL061881,18810909,L, HU,33.9N,78.1W,90,-999
4288,1882 Unnamed,AL021882,18820910,L, HU,30.4N,86.8W,110,949
4307,1882 Unnamed,AL031882,18820915,L, TS,29.8N,93.7W,50,-999
4320,1882 Unnamed,AL041882,18820922,L, TS,34.7N,77.0W,50,-999
4326,1882 Unnamed,AL041882,18820924,L, TS,40.7N,72.8W,40,-999
4373,1882 Unnamed,AL061882,18821011,L, HU,29.5N,83.3W,70,-999
4508,1883 Unnamed,AL031883,18830911,L, HU,33.9N,78.5W,90,-999
4629,1884 Unnamed,AL031884,18840911,L, TS,31.6N,81.2W,40,-999
4767,1885 Unnamed,AL021885,18850825,L, HU,32.6N,80.1W,90,970
4789,1885 Unnamed,AL031885,18850830,L, TS,30.1N,85.7W,50,-999
4811,1885 Unnamed,AL041885,18850921,L, TS,29.0N,89.4W,50,-999
4813,1885 Unnamed,AL041885,18850921,L, TS,30.0N,85.6W,50,-999
4848,1885 Unnamed,AL061885,18850926,L, TS,29.6N,89.0W,60,-999
4898,1885 Unnamed,AL081885,18851011,L, TS,29.4N,83.2W,60,-999
4915,1886 Unnamed,AL011886,18860614,L, HU,29.6N,94.2W,85,-999
4939,1886 Unnamed,AL021886,18860621,L, HU,30.1N,84.0W,85,-999
4968,1886 Unnamed,AL031886,18860630,L, HU,29.7N,85.2W,85,-999
4997,1886 Unnamed,AL041886,18860719,L, HU,28.8N,82.7W,70,-999
5055,1886 Unnamed,AL051886,18860820,L, HU,28.1N,96.8W,130,925
5227,1886 Unnamed,AL101886,18861012,L, HU,29.8N,93.5W,105,-999
5331,1887 Unnamed,AL031887,18870614,L, TS,30.2N,88.7W,35,-999
5365,1887 Unnamed,AL041887,18870727,L, HU,30.4N,86.6W,75,-999
5548,1887 Unnamed,AL091887,18870921,L, HU,26.1N,97.2W,75,973
5675,1887 Unnamed,AL161887,18871030,L, TS,28.1N,82.8W,40,-999
5791,1888 Unnamed,AL011888,18880617,L, HU,28.7N,95.7W,70,-999
5803,1888 Unnamed,AL021888,18880705,L, TS,28.8N,95.6W,50,-999
5818,1888 Unnamed,AL031888,18880816,L, HU,25.8N,80.1W,110,-999
5830,1888 Unnamed,AL031888,18880819,L, HU,29.1N,90.7W,95,-999
5893,1888 Unnamed,AL051888,18880908,L, TS,26.7N,80.1W,45,-999
5927,1888 Unnamed,AL061888,18880926,L, HU,41.6N,69.9W,70,985
5943,1888 Unnamed,AL071888,18881011,L, HU,29.2N,83.1W,95,970
5946,1888 Unnamed,AL071888,18881011,L, TS,33.9N,78.1W,60,-999
6082,1889 Unnamed,AL021889,18890617,L, TS,29.1N,82.9W,45,-999
6268,1889 Unnamed,AL061889,18890923,L, HU,29.1N,89.8W,70,-999
6271,1889 Unnamed,AL061889,18890923,L, TS,30.3N,88.7W,60,-999
6347,1889 Unnamed,AL091889,18891005,L, TS,24.7N,81.1W,35,-999
6349,1889 Unnamed,AL091889,18891006,L, TS,25.2N,80.9W,40,-999
6418,1890 Unnamed,AL021890,18900827,L, TS,29.1N,90.9W,50,-999
6472,1891 Unnamed,AL011891,18910705,L, HU,28.8N,95.5W,80,-999
6559,1891 Unnamed,AL031891,18910824,L, HU,25.4N,80.2W,70,-999
6694,1891 Unnamed,AL071891,18911007,L, TS,25.2N,81.3W,45,-999
6797,1892 Unnamed,AL011892,18920610,L, TS,25.7N,81.3W,40,-999
6935,1892 Unnamed,AL041892,18920912,L, TS,29.0N,90.6W,50,-999
7107,1892 Unnamed,AL091892,18921024,L, TS,27.6N,82.8W,45,-999
7141,1893 Unnamed,AL011893,18930615,L, TS,29.9N,83.7W,60,-999
7263,1893 Unnamed,AL041893,18930824,L, HU,40.7N,73.9W,75,986
7340,1893 Unnamed,AL061893,18930828,L, HU,31.7N,81.1W,100,954
7417,1893 Unnamed,AL081893,18930907,L, HU,29.2N,91.1W,85,-999
7501,1893 Unnamed,AL091893,18931013,L, HU,33.0N,79.5W,105,955
7531,1893 Unnamed,AL101893,18931002,L, HU,29.3N,89.8W,115,948
7533,1893 Unnamed,AL101893,18931002,L, HU,30.3N,88.9W,95,-999
7557,1893 Unnamed,AL111893,18931023,L, TS,35.2N,75.6W,50,-999
7559,1893 Unnamed,AL111893,18931023,L, TS,38.1N,75.6W,45,-999
7620,1894 Unnamed,AL021894,18940807,L, TS,30.3N,87.6W,50,-999
7703,1894 Unnamed,AL041894,18940925,L, HU,24.7N,82.0W,70,-999
7706,1894 Unnamed,AL041894,18940925,L, HU,26.5N,82.0W,90,-999
7713,1894 Unnamed,AL041894,18940927,L, HU,32.3N,80.7W,80,-999
7718,1894 Unnamed,AL041894,18940928,L, TS,34.7N,76.7W,60,-999
7763,1894 Unnamed,AL051894,18941009,L, HU,30.2N,85.5W,105,-999
7770,1894 Unnamed,AL051894,18941010,L, HU,40.7N,72.9W,75,-999
7868,1895 Unnamed,AL011895,18950815,L, TS,29.3N,89.6W,50,-999
7872,1895 Unnamed,AL011895,18950816,L, TS,30.2N,88.8W,45,-999
7974,1895 Unnamed,AL041895,18951007,L, TS,29.3N,94.8W,35,-999
8050,1895 Unnamed,AL061895,18951016,L, TS,25.7N,81.3W,35,-999
8066,1896 Unnamed,AL011896,18960707,L, HU,30.4N,86.5W,85,-999
8133,1896 Unnamed,AL021896,18960910,L, HU,41.2N,70.6W,70,-999
8211,1896 Unnamed,AL041896,18960929,L, HU,29.2N,83.1W,110,960
8226,1896 Unnamed,AL051896,18961009,L, TS,26.4N,82.0W,50,-999
8373,1897 Unnamed,AL021897,18970910,L, TS,24.4N,81.9W,60,-999
8383,1897 Unnamed,AL021897,18970913,L, HU,29.7N,93.8W,75,-999
8390,1897 Unnamed,AL031897,18970921,L, TS,26.7N,82.3W,60,-999
8400,1897 Unnamed,AL031897,18970923,L, TS,35.2N,75.7W,60,-999
8405,1897 Unnamed,AL031897,18970924,L, TS,40.8N,72.7W,55,-999
8407,1897 Unnamed,AL031897,18970924,L, TS,41.3N,72.2W,45,-999
8477,1897 Unnamed,AL051897,18971020,L, TS,35.2N,75.5W,55,-999
8497,1897 Unnamed,AL061897,18971025,L, TS,36.1N,75.8W,55,-999
8523,1898 Unnamed,AL011898,18980802,L, TS,27.1N,80.1W,35,-999
8527,1898 Unnamed,AL011898,18980802,L, HU,29.7N,84.8W,70,-999
8537,1898 Unnamed,AL021898,18980831,L, HU,32.1N,80.8W,75,-999
8650,1898 Unnamed,AL051898,18980920,L, TS,29.6N,92.8W,50,-999
8692,1898 Unnamed,AL061898,18980928,L, TS,29.4N,94.7W,50,-999
8726,1898 Unnamed,AL071898,18981002,L, HU,30.9N,81.4W,115,938
8859,1899 Unnamed,AL011899,18990627,L, TS,29.1N,95.1W,35,-999
8870,1899 Unnamed,AL021899,18990730,L, TS,24.9N,80.6W,40,-999
8880,1899 Unnamed,AL021899,18990801,L, HU,29.7N,84.7W,85,-999
8947,1899 Unnamed,AL031899,18990818,L, HU,35.2N,75.8W,105,-999
9127,1899 Unnamed,AL061899,18991005,L, TS,27.9N,82.8W,50,-999
9193,1899 Unnamed,AL091899,18991031,L, HU,33.6N,79.0W,95,-999
9281,1900 Unnamed,AL011900,19000909,L, HU,29.1N,95.1W,120,936
9430,1900 Unnamed,AL041900,19000913,L, TS,29.1N,89.5W,40,-999
9432,1900 Unnamed,AL041900,19000913,L, TS,30.3N,88.8W,35,-999
9492,1900 Unnamed,AL061900,19001012,L, TS,29.5N,83.3W,40,-999
9544,1901 Unnamed,AL011901,19010613,L, TS,29.9N,84.6W,35,-999
9589,1901 Unnamed,AL021901,19010710,L, TS,28.6N,96.0W,45,-999
9622,1901 Unnamed,AL031901,19010711,L, HU,36.0N,75.8W,70,-999
9629,1901 Unnamed,AL031901,19010712,L, TS,34.0N,77.9W,35,-999
9670,1901 Unnamed,AL041901,19010810,L, TS,26.3N,80.1W,40,-999
9687,1901 Unnamed,AL041901,19010814,L, HU,29.3N,89.6W,75,-999
9691,1901 Unnamed,AL041901,19010815,L, HU,30.4N,88.8W,75,-999
9835,1901 Unnamed,AL081901,19010917,L, TS,30.4N,86.6W,50,-999
9897,1901 Unnamed,AL101901,19010928,L, TS,29.9N,84.6W,40,-999
10011,1902 Unnamed,AL011902,19020614,L, TS,29.8N,83.7W,50,-999
10048,1902 Unnamed,AL021902,19020626,L, TS,27.7N,97.2W,60,-999
10132,1902 Unnamed,AL041902,19021010,L, TS,30.3N,87.3W,50,-999
10246,1903 Unnamed,AL031903,19030911,L, HU,26.1N,80.1W,75,976
10255,1903 Unnamed,AL031903,19030913,L, HU,30.1N,85.6W,80,-999
10286,1903 Unnamed,AL041903,19030916,L, HU,39.1N,74.7W,70,990
10515,1904 Unnamed,AL021904,19040914,L, HU,33.1N,79.2W,70,-999
10570,1904 Unnamed,AL041904,19041017,L, HU,25.3N,80.3W,70,-999
10583,1904 Unnamed,AL041904,19041020,L, TS,25.5N,81.2W,35,-999
10629,1904 Unnamed,AL061904,19041103,L, TS,30.3N,86.7W,35,-999
10696,1905 Unnamed,AL031905,19050929,L, TS,29.6N,92.6W,45,-999
10772,1905 Unnamed,AL051905,19051009,L, TS,29.5N,91.4W,45,-999
10800,1906 Unnamed,AL011906,19060612,L, TS,30.1N,85.6W,45,-999
10821,1906 Unnamed,AL021906,19060617,L, HU,24.7N,81.1W,70,-999
10823,1906 Unnamed,AL021906,19060617,L, HU,25.2N,80.7W,75,979
10997,1906 Unnamed,AL051906,19060917,L, HU,33.3N,79.2W,80,977
11034,1906 Unnamed,AL061906,19060927,L, HU,30.2N,88.6W,95,-999
11132,1906 Unnamed,AL081906,19061018,L, HU,24.7N,81.1W,105,-999
11133,1906 Unnamed,AL081906,19061018,L, HU,25.3N,80.7W,105,953
11145,1906 Unnamed,AL081906,19061021,L, TS,30.0N,81.4W,50,-999
11234,1907 Unnamed,AL011907,19070628,L, TS,30.3N,85.9W,50,-999
11256,1907 Unnamed,AL021907,19070921,L, TS,30.4N,88.9W,40,-999
11273,1907 Unnamed,AL031907,19070928,L, TS,30.1N,85.7W,45,-999
11355,1908 Unnamed,AL021908,19080529,L, HU,35.2N,75.6W,65,989
11360,1908 Unnamed,AL021908,19080530,L, TS,41.3N,72.0W,35,-999
11393,1908 Unnamed,AL031908,19080731,L, HU,34.6N,77.1W,70,-999
11420,1908 Unnamed,AL041908,19080731,L, TS,29.5N,91.9W,50,-999
11441,1908 Unnamed,AL051908,19080901,L, TS,34.6N,76.6W,45,-999
11649,1909 Unnamed,AL021909,19090629,L, HU,26.1N,97.2W,85,972
11664,1909 Unnamed,AL031909,19090628,L, TS,26.0N,80.1W,45,-999
11672,1909 Unnamed,AL031909,19090630,L, TS,30.1N,84.1W,35,-999
11723,1909 Unnamed,AL041909,19090721,L, HU,28.9N,95.3W,100,-999
11802,1909 Unnamed,AL081909,19090829,L, TS,26.4N,80.1W,45,-999
11843,1909 Unnamed,AL091909,19090921,L, HU,29.5N,91.3W,100,952
11890,1909 Unnamed,AL111909,19091011,L, HU,24.7N,81.0W,100,957
12013,1910 Unnamed,AL031910,19100914,L, HU,26.9N,97.4W,90,-999
12077,1910 Unnamed,AL051910,19101018,L, HU,26.5N,82.0W,95,955
12145,1911 Unnamed,AL021911,19110811,L, HU,30.3N,87.5W,70,-999
12178,1911 Unnamed,AL031911,19110828,L, HU,32.2N,80.7W,85,972
12300,1912 Unnamed,AL011912,19120613,L, TS,29.6N,91.6W,60,-999
12332,1912 Unnamed,AL021912,19120715,L, TS,31.3N,81.3W,45,-999
12377,1912 Unnamed,AL041912,19120914,L, HU,30.3N,88.4W,65,-999
12433,1912 Unnamed,AL061912,19121016,L, HU,27.1N,97.4W,85,-999
12510,1913 Unnamed,AL011913,19130628,L, HU,27.1N,97.4W,65,-999
12611,1913 Unnamed,AL041913,19130903,L, HU,34.7N,76.6W,75,976
12642,1913 Unnamed,AL051913,19131008,L, HU,33.1N,79.4W,65,-999
12673,1914 Unnamed,AL011914,19140917,L, TS,30.6N,81.4W,60,-999
12688,1915 Unnamed,AL011915,19150801,L, HU,28.7N,80.8W,65,990
12752,1915 Unnamed,AL021915,19150817,L, HU,29.2N,95.1W,115,940
12854,1915 Unnamed,AL041915,19150904,L, HU,30.0N,85.4W,80,-999
12914,1915 Unnamed,AL061915,19150929,L, HU,29.0N,90.3W,110,944
12926,1916 Unnamed,AL011916,19160514,L, TS,25.1N,81.0W,35,1006
12972,1916 Unnamed,AL021916,19160705,L, HU,30.4N,88.4W,105,950
13039,1916 Unnamed,AL031916,19160721,L, TS,41.4N,71.2W,60,993
13058,1916 Unnamed,AL041916,19160714,L, HU,32.9N,79.5W,95,960
13102,1916 Unnamed,AL061916,19160818,L, HU,27.0N,97.4W,115,932
13125,1916 Unnamed,AL071916,19160825,L, TS,25.6N,80.3W,40,-999
13163,1916 Unnamed,AL091916,19160906,L, TS,33.9N,78.3W,45,-999
13244,1916 Unnamed,AL121916,19161004,L, TS,31.5N,81.4W,50,-999
13320,1916 Unnamed,AL141916,19161018,L, HU,30.4N,87.4W,95,970
13476,1917 Unnamed,AL041917,19170929,L, HU,30.4N,86.6W,100,949
13505,1918 Unnamed,AL011918,19180806,L, HU,29.8N,93.2W,105,955
13535,1918 Unnamed,AL031918,19180824,L, HU,34.8N,76.8W,65,-999
13625,1919 Unnamed,AL011919,19190704,L, TS,30.4N,87.0W,55,995
13664,1919 Unnamed,AL021919,19190910,L, HU,24.6N,82.9W,130,927
13683,1919 Unnamed,AL021919,19190914,L, HU,27.2N,97.3W,100,950
13713,1919 Unnamed,AL041919,19191001,L, TS,31.2N,81.3W,40,-999
13804,1920 Unnamed,AL021920,19200922,L, HU,29.1N,90.8W,85,975
13826,1920 Unnamed,AL031920,19200923,L, TS,33.7N,78.2W,55,-999
13869,1920 Unnamed,AL051920,19200930,L, TS,28.9N,82.9W,55,-999
13899,1921 Unnamed,AL011921,19210622,L, HU,28.5N,95.9W,80,980
14067,1921 Unnamed,AL061921,19211025,L, HU,28.1N,82.8W,100,958
14308,1923 Unnamed,AL011923,19230626,L, TS,29.1N,90.1W,40,-999
14455,1923 Unnamed,AL061923,19231016,L, HU,29.2N,91.0W,70,983
14479,1923 Unnamed,AL071923,19231019,L, TS,41.3N,70.6W,50,-999
14489,1923 Unnamed,AL081923,19231018,L, TS,30.3N,89.0W,50,992
14651,1924 Unnamed,AL051924,19240915,L, HU,29.7N,85.3W,75,980
14741,1924 Unnamed,AL081924,19240929,L, TS,30.0N,84.0W,55,-999
14792,1924 Unnamed,AL101924,19241021,L, HU,25.8N,81.8W,80,975
14891,1925 Unnamed,AL041925,19251201,L, TS,26.3N,81.9W,55,-999
14935,1926 Unnamed,AL011926,19260728,L, HU,29.0N,80.8W,90,967
15021,1926 Unnamed,AL031926,19260825,L, HU,29.2N,90.9W,100,955
15199,1926 Unnamed,AL071926,19260918,L, HU,25.6N,80.3W,125,930
15209,1926 Unnamed,AL071926,19260920,L, HU,30.3N,87.5W,100,955
15505,1927 Unnamed,AL051927,19271003,L, TS,32.5N,80.4W,50,-999
15578,1928 Unnamed,AL011928,19280808,L, HU,27.3N,80.2W,85,977
15586,1928 Unnamed,AL011928,19280810,L, TS,30.0N,84.3W,35,-999
15625,1928 Unnamed,AL021928,19280813,L, TS,24.7N,81.4W,60,-999
15632,1928 Unnamed,AL021928,19280814,L, TS,29.9N,84.7W,45,-999
15717,1928 Unnamed,AL041928,19280917,L, HU,26.7N,80.0W,125,929
15725,1928 Unnamed,AL041928,19280918,L, HU,32.5N,80.3W,75,976
15785,1929 Unnamed,AL011929,19290628,L, HU,28.3N,96.4W,80,982
15831,1929 Unnamed,AL021929,19290928,L, HU,25.0N,80.5W,100,948
15842,1929 Unnamed,AL021929,19291001,L, HU,30.2N,85.7W,70,975
16012,1930 Unnamed,AL021930,19300909,L, TS,27.5N,82.7W,40,-999
16073,1931 Unnamed,AL011931,19310627,L, TS,26.6N,97.3W,40,-999
16095,1931 Unnamed,AL021931,19310715,L, TS,29.2N,91.0W,50,-999
16376,1932 Unnamed,AL021932,19320814,L, HU,29.0N,95.2W,130,935
16398,1932 Unnamed,AL031932,19320830,L, TS,25.3N,80.3W,55,-999
16407,1932 Unnamed,AL031932,19320901,L, HU,30.2N,88.1W,75,979
16536,1932 Unnamed,AL061932,19320915,L, TS,30.0N,83.9W,50,-999
16602,1932 Unnamed,AL081932,19320919,L, TS,29.6N,91.9W,55,-999
16937,1933 Unnamed,AL031933,19330723,L, TS,28.6N,96.0W,40,-999
16990,1933 Unnamed,AL051933,19330730,L, HU,27.1N,80.1W,65,988
17056,1933 Unnamed,AL061933,19330823,L, HU,35.8N,75.6W,80,963
17057,1933 Unnamed,AL061933,19330823,L, HU,36.1N,75.8W,75,966
17165,1933 Unnamed,AL081933,19330905,L, HU,26.1N,97.2W,110,940
17233,1933 Unnamed,AL111933,19330904,L, HU,26.9N,80.1W,110,948
17238,1933 Unnamed,AL111933,19330905,L, TS,29.2N,82.9W,55,-999
17570,1934 Unnamed,AL011934,19340616,L, HU,29.7N,91.7W,85,966
17626,1934 Unnamed,AL031934,19340725,L, HU,28.1N,96.8W,75,979
17680,1934 Unnamed,AL061934,19340903,L, TS,35.0N,76.2W,40,-999
17701,1934 Unnamed,AL071934,19340909,L, HU,40.7N,73.0W,65,-999
17702,1934 Unnamed,AL071934,19340909,L, TS,41.2N,73.0W,50,-999
17799,1934 Unnamed,AL111934,19341006,L, TS,30.3N,87.4W,45,-999
17942,1935 Unnamed,AL031935,19350903,L, HU,24.8N,80.8W,160,892
17950,1935 Unnamed,AL031935,19350904,L, HU,29.6N,83.4W,85,965
18086,1935 Unnamed,AL071935,19351104,L, HU,25.9N,80.1W,85,973
18162,1936 Unnamed,AL011936,19360615,L, TS,25.9N,81.7W,40,-999
18188,1936 Unnamed,AL031936,19360627,L, HU,27.9N,97.0W,70,987
18198,1936 Unnamed,AL041936,19360727,L, TS,29.1N,90.2W,40,-999
18210,1936 Unnamed,AL051936,19360729,L, TS,25.3N,80.3W,55,995
18221,1936 Unnamed,AL051936,19360731,L, HU,30.4N,86.6W,90,964
18305,1936 Unnamed,AL091936,19360821,L, TS,28.9N,80.8W,50,-999
18568,1937 Unnamed,AL011937,19370729,L, TS,28.1N,82.8W,55,-999
18638,1937 Unnamed,AL031937,19370830,L, TS,29.1N,80.9W,60,-999
18729,1937 Unnamed,AL071937,19370919,L, TS,29.1N,89.3W,40,1002
18733,1937 Unnamed,AL071937,19370920,L, TS,29.7N,85.4W,35,-999
18807,1937 Unnamed,AL101937,19371003,L, TS,29.5N,92.0W,35,-999
18808,1937 Unnamed,AL101937,19371003,L, TS,29.8N,92.0W,35,-999
18873,1938 Unnamed,AL031938,19380815,L, HU,29.8N,93.4W,65,-999
18969,1938 Unnamed,AL061938,19380921,L, HU,40.7N,72.9W,105,941
18970,1938 Unnamed,AL061938,19380921,L, HU,41.3N,72.9W,100,946
19004,1938 Unnamed,AL071938,19381017,L, TS,29.3N,94.8W,40,1004
19058,1939 Unnamed,AL011939,19390616,L, TS,30.3N,87.6W,50,-999
19085,1939 Unnamed,AL021939,19390811,L, HU,27.2N,80.2W,65,-999
19091,1939 Unnamed,AL021939,19390813,L, HU,30.4N,86.4W,65,985
19156,1939 Unnamed,AL041939,19390926,L, TS,29.1N,90.2W,45,-999
19280,1940 Unnamed,AL021940,19400807,L, HU,29.7N,94.1W,85,972
19318,1940 Unnamed,AL031940,19400811,L, HU,32.1N,80.8W,85,972
19438,1940 Unnamed,AL061940,19400924,L, TS,29.8N,93.4W,40,-999
19558,1941 Unnamed,AL021941,19410923,L, HU,28.8N,95.6W,110,-999
19644,1941 Unnamed,AL051941,19411006,L, HU,25.5N,80.2W,85,-999
19645,1941 Unnamed,AL051941,19411006,L, HU,25.5N,80.3W,85,-999
19650,1941 Unnamed,AL051941,19411007,L, HU,29.9N,84.6W,80,982
19699,1941 Unnamed,AL061941,19411020,L, TS,29.0N,83.0W,40,1004
19736,1942 Unnamed,AL021942,19420821,L, HU,29.5N,94.6W,65,-999
19773,1942 Unnamed,AL031942,19420830,L, HU,28.3N,96.6W,100,950
19986,1943 Unnamed,AL011943,19430727,L, HU,29.5N,94.6W,90,967
20141,1943 Unnamed,AL071943,19431001,L, TS,37.7N,75.7W,55,997
20261,1944 Unnamed,AL031944,19440801,L, HU,33.9N,78.1W,70,985
20332,1944 Unnamed,AL061944,19440910,L, TS,29.3N,89.4W,55,992
20333,1944 Unnamed,AL061944,19440910,L, TS,30.3N,88.3W,50,-999
20361,1944 Unnamed,AL071944,19440915,L, HU,40.9N,72.2W,90,954
20362,1944 Unnamed,AL071944,19440915,L, HU,41.4N,71.6W,85,957
20484,1944 Unnamed,AL131944,19441018,L, HU,24.6N,82.9W,105,949
20487,1944 Unnamed,AL131944,19441019,L, HU,27.2N,82.5W,90,962
20537,1945 Unnamed,AL011945,19450624,L, HU,28.6N,82.7W,70,-999
20545,1945 Unnamed,AL011945,19450626,L, HU,34.7N,76.6W,65,-999
20634,1945 Unnamed,AL051945,19450827,L, HU,28.2N,96.7W,100,963
20664,1945 Unnamed,AL071945,19450905,L, TS,26.5N,82.1W,35,-999
20702,1945 Unnamed,AL091945,19450915,L, HU,25.3N,80.3W,115,949
20703,1945 Unnamed,AL091945,19450915,L, HU,25.4N,80.4W,115,949
20710,1945 Unnamed,AL091945,19450917,L, TS,32.1N,80.9W,60,990
20792,1946 Unnamed,AL021946,19460706,L, TS,33.9N,78.2W,45,-999
20815,1946 Unnamed,AL031946,19460825,L, TS,22.1N,97.8W,35,-999
20820,1946 Unnamed,AL041946,19460912,L, TS,25.0N,78.2W,55,-999
20822,1946 Unnamed,AL041946,19460912,L, TS,25.9N,77.3W,65,-999
20869,1946 Unnamed,AL061946,19461007,L, HU,22.2N,83.9W,80,977
20874,1946 Unnamed,AL061946,19461008,L, HU,27.5N,82.6W,75,980
20904,1946 Unnamed,AL071946,19461101,L, TS,23.4N,75.8W,35,-999
20906,1946 Unnamed,AL071946,19461101,L, TS,24.6N,77.8W,40,-999
20908,1946 Unnamed,AL071946,19461101,L, TS,26.6N,80.1W,40,1002
20922,1947 Unnamed,AL011947,19470802,L, TS,25.6N,97.3W,45,-999
20939,1947 Unnamed,AL021947,19470812,L, TS,19.9N,87.5W,45,-999
20951,1947 Unnamed,AL021947,19470815,L, HU,21.7N,97.5W,95,-999
20972,1947 Unnamed,AL031947,19470822,L, TS,29.1N,90.3W,40,-999
20982,1947 Unnamed,AL031947,19470824,L, HU,29.2N,94.9W,70,984
21046,1947 Unnamed,AL041947,19470916,L, HU,26.7N,77.1W,105,954
21050,1947 Unnamed,AL041947,19470917,L, HU,26.1N,80.1W,115,943
21059,1947 Unnamed,AL041947,19470919,L, HU,29.6N,89.5W,95,966
21075,1947 Unnamed,AL051947,19470908,L, TS,30.3N,88.2W,45,-999
21085,1947 Unnamed,AL061947,19470921,L, TS,21.6N,82.6W,45,-999
21087,1947 Unnamed,AL061947,19470922,L, TS,22.5N,83.1W,45,-999
21095,1947 Unnamed,AL061947,19470923,L, TS,28.9N,82.7W,55,-999
21111,1947 Unnamed,AL071947,19471007,L, TS,30.8N,81.5W,50,-999
21145,1947 Unnamed,AL091947,19471011,L, TS,22.2N,83.6W,55,-999
21149,1947 Unnamed,AL091947,19471012,L, HU,25.4N,81.2W,80,975
21163,1947 Unnamed,AL091947,19471015,L, HU,31.8N,80.9W,90,-999
21227,1948 Unnamed,AL021948,19480709,L, TS,30.3N,87.3W,35,-999
21287,1948 Unnamed,AL041948,19480831,L, TS,13.8N,60.9W,40,-999
21303,1948 Unnamed,AL051948,19480904,L, HU,29.1N,90.5W,70,983
21393,1948 Unnamed,AL081948,19480920,L, HU,22.3N,82.1W,110,-999
21395,1948 Unnamed,AL081948,19480921,L, HU,22.7N,82.0W,110,-999
21398,1948 Unnamed,AL081948,19480921,L, HU,24.6N,81.6W,105,955
21401,1948 Unnamed,AL081948,19480922,L, HU,25.8N,81.3W,115,940
21426,1948 Unnamed,AL091948,19481005,L, HU,22.4N,83.2W,110,-999
21428,1948 Unnamed,AL091948,19481005,L, HU,24.7N,81.2W,90,-999
21429,1948 Unnamed,AL091948,19481005,L, HU,25.1N,80.9W,90,-999
21438,1948 Unnamed,AL091948,19481007,L, HU,32.3N,64.9W,90,-999
21537,1949 Unnamed,AL021949,19490826,L, HU,26.6N,80.0W,115,954
21568,1949 Unnamed,AL031949,19490901,L, TS,13.9N,61.0W,40,-999
21616,1949 Unnamed,AL051949,19490904,L, TS,29.3N,90.6W,50,-999
21676,1949 Unnamed,AL071949,19490913,L, TS,34.3N,77.8W,35,-999
21723,1949 Unnamed,AL091949,19490926,L, TS,19.5N,96.3W,55,-999
21735,1949 Unnamed,AL101949,19490922,L, TS,18.4N,70.0W,55,-999
21765,1949 Unnamed,AL111949,19491004,L, HU,28.8N,95.6W,95,965
21876,1949 Unnamed,AL161949,19491104,L, TS,15.6N,84.1W,40,-999
21918,1950 Able,AL011950,19500821,L, HU,44.6N,63.7W,65,-999
21946,1950 Baker,AL021950,19500822,L, TS,16.8N,62.2W,60,-999
21981,1950 Baker,AL021950,19500831,L, HU,30.2N,88.0W,75,979
21982,1950 Baker,AL021950,19500831,L, HU,30.7N,87.9W,75,-999
22133,1950 Easy,AL051950,19500903,L, HU,21.5N,82.6W,70,-999
22135,1950 Easy,AL051950,19500903,L, HU,22.7N,82.3W,80,-999
22145,1950 Easy,AL051950,19500905,L, HU,29.1N,82.8W,105,960
22148,1950 Easy,AL051950,19500906,L, HU,28.5N,82.7W,90,-999
22271,1950 Item,AL091950,19501011,L, HU,18.9N,95.9W,90,-999
22317,1950 King,AL111950,19501016,L, HU,20.9N,78.3W,80,-999
22323,1950 King,AL111950,19501018,L, HU,25.7N,80.2W,115,955
22378,1950 Love,AL131950,19501021,L, TS,29.7N,83.4W,50,-999
22470,1951 Able,AL021951,19510518,L, HU,27.0N,77.9W,75,982
22536,1951 Charlie,AL041951,19510818,L, HU,17.9N,76.9W,110,-999
22545,1951 Charlie,AL041951,19510820,L, HU,20.3N,87.0W,115,-999
22546,1951 Charlie,AL041951,19510820,L, HU,20.4N,87.3W,115,-999
22558,1951 Charlie,AL041951,19510822,L, HU,22.3N,97.8W,100,968
22699,1951 George,AL081951,19510921,L, TS,21.6N,97.4W,50,-999
22716,1951 How,AL091951,19511002,L, TS,26.7N,82.3W,55,-999
22899,1952 Able,AL021952,19520831,L, HU,32.3N,80.6W,85,-999
22915,1952 Unnamed,AL031952,19520828,L, TS,33.7N,78.7W,45,1000
23100,1952 Fox,AL101952,19521024,L, HU,22.0N,80.9W,125,934
23105,1952 Fox,AL101952,19521025,L, TS,24.4N,78.3W,60,991
23108,1952 Fox,AL101952,19521026,L, HU,24.7N,76.2W,75,-999
23110,1952 Fox,AL101952,19521026,L, HU,24.5N,75.6W,75,-999
23148,1953 Alice,AL011953,19530526,L, TS,15.4N,83.9W,35,-999
23168,1953 Alice,AL011953,19530531,L, TS,21.9N,84.3W,45,-999
23193,1953 Alice,AL011953,19530606,L, TS,30.3N,85.9W,40,-999
23227,1953 Barbara,AL031953,19530814,L, HU,35.0N,76.1W,80,-999
23228,1953 Barbara,AL031953,19530814,L, HU,35.4N,76.1W,75,-999
23230,1953 Barbara,AL031953,19530814,L, HU,36.1N,75.9W,70,-999
23284,1953 Carol,AL041953,19530907,L, HU,44.2N,66.4W,75,-999
23285,1953 Carol,AL041953,19530907,L, HU,45.3N,65.8W,70,-999
23322,1953 Dolly,AL061953,19530912,L, TS,32.3N,64.8W,55,996
23389,1953 Unnamed,AL081953,19530920,L, TS,29.0N,82.8W,35,-999
23405,1953 Florence,AL091953,19530926,L, HU,30.3N,86.2W,80,-999
23481,1953 Hazel,AL121953,19531009,L, HU,26.7N,82.2W,75,-999
23482,1953 Hazel,AL121953,19531009,L, HU,26.7N,82.1W,75,-999
23583,1954 Alice,AL031954,19540625,L, HU,25.0N,97.6W,95,-999
23614,1954 Barbara,AL051954,19540729,L, TS,29.7N,92.8W,50,999
23645,1954 Carol,AL061954,19540831,L, HU,40.9N,72.2W,100,955
23646,1954 Carol,AL061954,19540831,L, HU,41.3N,72.0W,100,957
23696,1954 Edna,AL081954,19540911,L, HU,41.4N,70.5W,95,950
23697,1954 Edna,AL081954,19540911,L, HU,41.7N,70.3W,95,952
23698,1954 Edna,AL081954,19540911,L, HU,41.9N,70.1W,90,954
23725,1954 Florence,AL101954,19540912,L, TS,20.4N,96.8W,55,-999
23751,1954 Gilda,AL121954,19540927,L, TS,16.7N,88.4W,55,-999
23814,1954 Hazel,AL141954,19541006,L, HU,12.2N,61.6W,65,-999
23840,1954 Hazel,AL141954,19541012,L, HU,18.3N,74.2W,105,-999
23843,1954 Hazel,AL141954,19541013,L, HU,19.6N,73.4W,85,-999
23846,1954 Hazel,AL141954,19541013,L, HU,21.0N,73.1W,85,-999
23855,1954 Hazel,AL141954,19541015,L, HU,33.9N,78.6W,115,938
23901,1955 Brenda,AL011955,19550801,L, TS,29.7N,89.4W,55,-999
23947,1955 Connie,AL021955,19550812,L, HU,34.7N,76.7W,85,962
23999,1955 Diane,AL031955,19550817,L, TS,34.0N,77.9W,60,985
24091,1955 Unnamed,AL051955,19550827,L, TS,30.0N,89.2W,45,-999
24139,1955 Gladys,AL071955,19550905,L, HU,23.1N,97.8W,65,996
24181,1955 Ione,AL081955,19550919,L, HU,34.7N,76.7W,90,955
24222,1955 Hilda,AL091955,19550913,L, HU,20.2N,74.2W,70,986
24228,1955 Hilda,AL091955,19550915,L, HU,19.3N,81.2W,65,995
24235,1955 Hilda,AL091955,19550916,L, HU,19.7N,87.7W,105,-999
24247,1955 Hilda,AL091955,19550919,L, HU,22.3N,97.9W,105,952
24258,1955 Janet,AL101955,19550923,L, HU,12.6N,61.4W,90,-999
24278,1955 Janet,AL101955,19550927,L, HU,17.4N,83.9W,140,-999
24281,1955 Janet,AL101955,19550928,L, HU,18.4N,87.8W,150,914
24288,1955 Janet,AL101955,19550929,L, HU,19.8N,96.4W,95,-999
24342,1955 Katie,AL131955,19551017,L, HU,18.0N,71.7W,95,-999
24360,1955 Alice,AL161954,19550102,L, HU,18.0N,63.0W,65,991
24381,1956 Unnamed,AL011956,19560613,L, TS,29.1N,90.7W,50,-999
24394,1956 Anna,AL021956,19560726,L, HU,21.7N,97.5W,75,-999
24496,1956 Dora,AL051956,19560912,L, TS,20.9N,97.3W,50,1000
24524,1956 Flossy,AL071956,19560924,L, HU,29.1N,89.4W,75,980
24527,1956 Flossy,AL071956,19560925,L, HU,30.4N,86.4W,80,974
24623,1956 Unnamed,AL111956,19561015,L, TS,25.2N,80.6W,50,-999
24652,1957 Unnamed,AL011957,19570609,L, TS,30.1N,84.2W,45,1000
24693,1957 Audrey,AL021957,19570627,L, HU,29.8N,93.7W,110,946
24709,1957 Bertha,AL031957,19570810,L, TS,29.7N,93.9W,55,998
24815,1957 Debbie,AL051957,19570908,L, TS,30.3N,86.1W,35,-999
24829,1957 Esther,AL061957,19570918,L, TS,29.2N,90.9W,55,-999
24888,1958 Alma,AL011958,19580615,L, TS,24.9N,97.6W,55,-999
25016,1958 Ella,AL051958,19580901,L, HU,18.2N,73.4W,95,-999
25018,1958 Ella,AL051958,19580902,L, HU,20.0N,76.2W,70,-999
25024,1958 Ella,AL051958,19580903,L, TS,21.8N,82.7W,55,1003
25026,1958 Ella,AL051958,19580903,L, TS,22.1N,84.0W,60,-999
25038,1958 Ella,AL051958,19580906,L, TS,27.5N,97.2W,50,1001
25075,1958 Gerda,AL071958,19580914,L, TS,18.0N,71.2W,50,1004
25098,1958 Gerda,AL071958,19580920,L, TS,24.5N,97.7W,40,-999
25193,1958 Janice,AL101958,19581006,L, TS,22.0N,80.3W,50,-999
25196,1958 Janice,AL101958,19581006,L, TS,24.2N,78.0W,55,991
25198,1958 Janice,AL101958,19581006,L, HU,25.1N,77.1W,60,-999
25199,1958 Janice,AL101958,19581006,L, HU,25.5N,76.8W,60,-999
25267,1959 Arlene,AL011959,19590530,L, TS,29.6N,91.6W,55,-999
25297,1959 Unnamed,AL031959,19590618,L, TS,28.0N,82.8W,40,1002
25334,1959 Cindy,AL041959,19590709,L, HU,33.0N,79.6W,65,995
25344,1959 Cindy,AL041959,19590711,L, TS,41.7N,70.7W,50,998
25360,1959 Debra,AL051959,19590725,L, HU,29.1N,95.2W,75,980
25374,1959 Edith,AL061959,19590818,L, TS,15.3N,61.3W,50,-999
25432,1959 Gracie,AL081959,19590929,L, HU,32.5N,80.4W,115,951
25498,1959 Irene,AL101959,19591008,L, TS,30.3N,87.6W,40,1000
25522,1959 Judith,AL111959,19591018,L, TS,26.7N,82.3W,55,998
25617,1960 Unnamed,AL011960,19600624,L, TS,26.9N,97.4W,50,-999
25640,1960 Abby,AL021960,19600710,L, TS,13.9N,60.9W,55,1003
25659,1960 Abby,AL021960,19600715,L, HU,16.3N,86.6W,70,-999
25661,1960 Abby,AL021960,19600715,L, HU,16.5N,88.4W,70,-999
25676,1960 Brenda,AL031960,19600729,L, TS,29.7N,83.5W,35,-999
25679,1960 Brenda,AL031960,19600729,L, TS,33.9N,78.2W,60,993
25755,1960 Donna,AL051960,19600904,L, HU,17.7N,61.8W,110,-999
25757,1960 Donna,AL051960,19600905,L, HU,18.1N,63.0W,110,952
25770,1960 Donna,AL051960,19600908,L, HU,22.2N,74.3W,105,947
25772,1960 Donna,AL051960,19600908,L, HU,22.4N,75.8W,105,945
25780,1960 Donna,AL051960,19600910,L, HU,24.8N,80.9W,125,930
25782,1960 Donna,AL051960,19600910,L, HU,25.9N,81.6W,105,942
25789,1960 Donna,AL051960,19600912,L, HU,34.6N,77.3W,90,958
25793,1960 Donna,AL051960,19600912,L, HU,40.7N,72.9W,85,959
25794,1960 Donna,AL051960,19600912,L, HU,41.3N,72.4W,80,962
25815,1960 Ethel,AL061960,19600915,L, HU,30.4N,89.0W,70,980
25833,1960 Florence,AL071960,19600919,L, TS,21.1N,73.1W,35,1004
28878,1969 Camille,AL091969,19690815,L, HU,21.9N,84.3W,95,-999
28888,1969 Camille,AL091969,19690818,L, HU,30.3N,89.4W,150,900
34797,1983 Alicia,AL031983,19830818,L, HU,29.1N,95.1W,100,962
34817,1983 Barry,AL041983,19830825,L, TD,27.9N,80.6W,30,1013
34831,1983 Barry,AL041983,19830828,L, HU,25.4N,97.4W,70,986
35022,1984 Diana,AL101984,19840913,L, HU,33.9N,78.0W,80,979
35341,1985 Bob,AL021985,19850725,L, HU,32.2N,80.5W,65,1003
35391,1985 Danny,AL041985,19850815,L, HU,29.6N,92.7W,80,987
35436,1985 Elena,AL051985,19850902,L, HU,30.4N,89.2W,100,959
35536,1985 Gloria,AL091985,19850927,L, HU,35.2N,75.6W,90,942
35539,1985 Gloria,AL091985,19850927,L, HU,40.6N,73.3W,75,961
35571,1985 Henri,AL101985,19850924,L, TS,40.8N,72.5W,35,1007
35572,1985 Henri,AL101985,19850925,L, TD,41.3N,71.8W,30,1007
35589,1985 Isabel,AL111985,19851010,L, TS,30.6N,81.4W,35,1008
35623,1985 Juan,AL121985,19851029,L, HU,29.5N,91.4W,65,974
35663,1985 Kate,AL131985,19851121,L, HU,30.0N,85.4W,85,967
35709,1986 Bonnie,AL021986,19860626,L, HU,29.6N,94.2W,75,990
35764,1986 Charley,AL051986,19860817,L, HU,34.7N,76.5W,65,990
36029,1987 Unnamed,AL031987,19870810,L, TS,29.5N,94.5W,40,1009
36229,1987 Emily,AL121987,19870923,L, HU,18.3N,71.0W,95,965
36239,1987 Emily,AL121987,19870925,L, HU,32.3N,64.7W,75,974
36261,1987 Floyd,AL131987,19871012,L, HU,25.1N,80.5W,65,993
36338,1988 Chris,AL031988,19880828,L, TS,32.0N,80.9W,40,1005
36357,1988 Debby,AL041988,19880903,L, HU,20.7N,97.3W,65,987
36416,1988 Florence,AL071988,19880910,L, HU,29.1N,89.3W,70,984
36439,1988 Gilbert,AL081988,19880912,L, HU,17.8N,76.8W,115,960
36448,1988 Gilbert,AL081988,19880914,L, HU,20.7N,87.0W,140,900
36458,1988 Gilbert,AL081988,19880916,L, HU,24.2N,97.8W,110,955
36546,1988 Joan,AL111988,19881015,L, TS,12.1N,61.8W,45,1003
36555,1988 Joan,AL111988,19881017,L, TS,12.0N,71.2W,55,997
36576,1988 Joan,AL111988,19881022,L, HU,11.9N,83.7W,125,932
36596,1988 Keith,AL121988,19881121,L, TS,21.2N,86.8W,60,993
36605,1988 Keith,AL121988,19881123,L, TS,27.3N,82.6W,55,995
36729,1989 Allison,AL021989,19890626,L, TS,28.7N,95.7W,40,1002
36777,1989 Chantal,AL041989,19890801,L, HU,29.6N,94.4W,70,986
36818,1989 Dean,AL051989,19890808,L, TS,46.9N,55.9W,55,991
37049,1989 Hugo,AL111989,19890917,L, HU,16.3N,61.3W,120,941
37054,1989 Hugo,AL111989,19890918,L, HU,17.7N,64.8W,120,940
37055,1989 Hugo,AL111989,19890918,L, HU,18.2N,65.5W,110,945
37056,1989 Hugo,AL111989,19890918,L, HU,18.3N,65.6W,110,946
37071,1989 Hugo,AL111989,19890922,L, HU,32.8N,79.8W,120,934
37138,1989 Jerry,AL141989,19891016,L, HU,29.2N,95.0W,75,983
37270,1990 Diana,AL051990,19900805,L, TS,19.1N,87.6W,55,994
37279,1990 Diana,AL051990,19900807,L, HU,20.9N,97.0W,85,980
37714,1991 Bob,AL031991,19910819,L, HU,41.2N,71.6W,90,962
37715,1991 Bob,AL031991,19910819,L, HU,41.4N,71.4W,85,964
37717,1991 Bob,AL031991,19910820,L, TS,44.1N,69.1W,60,981
37850,1991 Erika,AL081991,19910912,L, TS,37.7N,25.9W,35,1009
37858,1991 Fabian,AL091991,19911015,L, TS,21.5N,82.8W,40,1004
37859,1991 Fabian,AL091991,19911016,L, TS,22.4N,81.8W,40,1004
37908,1991 Unnamed,AL121991,19911102,L, TS,44.6N,63.5W,45,998
37966,1992 Andrew,AL041992,19920823,L, HU,25.4N,76.6W,140,923
37968,1992 Andrew,AL041992,19920824,L, HU,25.4N,77.8W,130,931
37970,1992 Andrew,AL041992,19920824,L, HU,25.5N,80.2W,145,926
37971,1992 Andrew,AL041992,19920824,L, HU,25.5N,80.3W,145,922
37980,1992 Andrew,AL041992,19920826,L, HU,29.6N,91.5W,100,956
38094,1992 Danielle,AL071992,19920925,L, TS,37.8N,75.5W,55,1007
38204,1993 Arlene,AL021993,19930620,L, TS,27.1N,97.4W,35,1001
38221,1993 Bret,AL031993,19930807,L, TS,10.8N,60.8W,50,1002
38222,1993 Bret,AL031993,19930807,L, TS,10.8N,61.8W,50,1002
38227,1993 Bret,AL031993,19930808,L, TS,11.0N,68.3W,40,1007
38237,1993 Bret,AL031993,19930810,L, TS,11.1N,83.8W,40,1002
38243,1993 Cindy,AL041993,19930814,L, TS,14.5N,60.9W,35,1012
38252,1993 Cindy,AL041993,19930816,L, TD,18.3N,71.0W,30,1009
38363,1993 Gert,AL081993,19930915,L, TS,11.8N,83.8W,35,1005
38372,1993 Gert,AL081993,19930918,L, TS,17.3N,88.1W,35,1000
38384,1993 Gert,AL081993,19930920,L, HU,21.2N,97.5W,85,970
38421,1994 Alberto,AL011994,19940703,L, TS,30.4N,86.5W,55,993
38441,1994 Unnamed,AL021994,19940720,L, TD,33.2N,79.2W,30,1015
38451,1994 Beryl,AL031994,19940816,L, TS,30.0N,85.6W,50,1000
38502,1994 Unnamed,AL051994,19940831,L, TD,22.4N,98.0W,30,1007
38507,1994 Debby,AL061994,19940910,L, TS,14.0N,61.0W,55,1007
38535,1994 Unnamed,AL081994,19940925,L, TD,16.6N,88.4W,30,1004
38589,1994 Gordon,AL121994,19941110,L, TD,14.0N,83.4W,30,1008
38601,1994 Gordon,AL121994,19941113,L, TS,17.9N,76.8W,35,1000
38604,1994 Gordon,AL121994,19941113,L, TS,20.0N,74.9W,40,1000
38613,1994 Gordon,AL121994,19941115,L, TS,24.6N,81.7W,45,999
38618,1994 Gordon,AL121994,19941116,L, TS,26.5N,81.9W,45,996
38637,1994 Gordon,AL121994,19941121,L, TD,28.5N,80.6W,25,1011
38652,1995 Allison,AL011995,19950605,L, TS,29.9N,84.4W,60,991
38653,1995 Allison,AL011995,19950605,L, TS,30.1N,84.2W,55,991
38696,1995 Barry,AL021995,19950709,L, TS,45.3N,61.0W,50,990
38697,1995 Barry,AL021995,19950709,L, TS,45.6N,60.8W,45,990
38751,1995 Dean,AL041995,19950731,L, TS,29.2N,95.3W,40,999
38773,1995 Erin,AL051995,19950802,L, HU,27.7N,80.3W,75,984
38780,1995 Erin,AL051995,19950803,L, HU,30.3N,87.2W,75,973
38798,1995 Unnamed,AL061995,19950806,L, TD,21.5N,97.4W,30,1002
38880,1995 Gabrielle,AL081995,19950811,L, TS,23.7N,97.8W,60,988
38944,1995 Iris,AL101995,19950827,L, TS,17.0N,61.9W,50,995
38945,1995 Iris,AL101995,19950827,L, TS,17.7N,62.0W,55,993
38993,1995 Jerry,AL111995,19950823,L, TS,27.0N,80.2W,35,1006
39078,1995 Luis,AL131995,19950905,L, HU,17.5N,61.7W,115,945
39134,1995 Marilyn,AL151995,19950914,L, HU,15.5N,61.3W,70,984
39279,1995 Opal,AL171995,19951004,L, HU,30.3N,87.1W,100,942
39319,1995 Roxanne,AL191995,19951011,L, HU,20.0N,87.6W,100,958
39417,1996 Arthur,AL011996,19960620,L, TS,34.7N,76.4W,35,1005
39462,1996 Bertha,AL021996,19960712,L, HU,34.3N,77.8W,90,974
39495,1996 Cesar,AL031996,19960728,L, HU,12.2N,83.9W,75,985
39505,1996 Dolly,AL041996,19960820,L, HU,19.1N,87.7W,65,999
39517,1996 Dolly,AL041996,19960823,L, HU,21.6N,97.7W,70,989
39652,1996 Fran,AL061996,19960906,L, HU,33.9N,78.0W,100,954
39725,1996 Hortense,AL081996,19960910,L, HU,18.0N,66.9W,70,989
39745,1996 Hortense,AL081996,19960915,L, HU,44.8N,62.5W,70,978
39798,1996 Josephine,AL101996,19961008,L, TS,30.0N,83.9W,60,983
39836,1996 Kyle,AL111996,19961012,L, TD,16.0N,88.1W,30,1008
39854,1996 Lili,AL121996,19961018,L, HU,22.3N,82.0W,85,975
40014,1997 Danny,AL051997,19970718,L, HU,29.3N,89.7W,65,989
40019,1997 Danny,AL051997,19970719,L, HU,30.2N,88.1W,70,984
40021,1997 Danny,AL051997,19970719,L, HU,30.4N,87.9W,65,986
40215,1998 Bonnie,AL021998,19980827,L, HU,34.4N,77.7W,95,964
40238,1998 Charley,AL031998,19980822,L, TS,27.8N,97.1W,40,1000
40318,1998 Earl,AL051998,19980903,L, HU,30.1N,85.7W,70,987
40350,1998 Frances,AL061998,19980911,L, TS,28.2N,96.9W,45,990
40384,1998 Georges,AL071998,19980921,L, HU,17.0N,61.7W,100,966
40386,1998 Georges,AL071998,19980921,L, HU,17.2N,62.6W,100,966
40389,1998 Georges,AL071998,19980921,L, HU,18.1N,65.8W,90,968
40393,1998 Georges,AL071998,19980922,L, HU,18.2N,68.7W,105,962
40399,1998 Georges,AL071998,19980923,L, HU,20.1N,74.5W,65,993
40407,1998 Georges,AL071998,19980925,L, HU,24.5N,81.8W,90,981
40419,1998 Georges,AL071998,19980928,L, HU,30.4N,88.9W,90,964
40443,1998 Hermine,AL081998,19980920,L, TS,29.1N,90.9W,35,1000
40614,1998 Mitch,AL131998,19981029,L, HU,15.9N,85.7W,70,987
40637,1998 Mitch,AL131998,19981104,L, TS,20.1N,90.5W,35,998
40643,1998 Mitch,AL131998,19981105,L, TS,26.2N,81.9W,50,989
40725,1999 Unnamed,AL021999,19990703,L, TD,20.5N,97.0W,30,1004
40744,1999 Bret,AL031999,19990823,L, HU,26.9N,97.4W,100,951
40822,1999 Dennis,AL051999,19990828,L, HU,26.6N,76.8W,75,976
40853,1999 Dennis,AL051999,19990904,L, TS,34.8N,76.5W,60,984
40891,1999 Unnamed,AL071999,19990906,L, TD,23.2N,97.7W,30,1006
40923,1999 Floyd,AL081999,19990914,L, HU,25.4N,76.3W,105,930
40925,1999 Floyd,AL081999,19990914,L, HU,26.3N,77.1W,110,932
40932,1999 Floyd,AL081999,19990916,L, HU,33.8N,78.0W,90,956
41006,1999 Harvey,AL101999,19990921,L, TS,25.9N,81.7W,50,999
41039,1999 Irene,AL131999,19991014,L, TS,21.3N,82.9W,60,997
41041,1999 Irene,AL131999,19991014,L, TS,22.7N,82.5W,60,986
41045,1999 Irene,AL131999,19991015,L, HU,24.6N,81.6W,65,987
41047,1999 Irene,AL131999,19991015,L, HU,25.3N,81.1W,70,987
41077,1999 Jose,AL141999,19991020,L, HU,17.1N,61.7W,80,982
41081,1999 Jose,AL141999,19991021,L, TS,18.4N,64.6W,60,996
41104,1999 Katrina,AL151999,19991030,L, TS,13.8N,83.4W,35,999
41131,1999 Lenny,AL161999,19991117,L, HU,17.4N,64.8W,135,933
41135,1999 Lenny,AL161999,19991118,L, HU,18.0N,63.3W,110,966
41136,1999 Lenny,AL161999,19991119,L, HU,18.1N,63.1W,85,975
41137,1999 Lenny,AL161999,19991119,L, HU,18.0N,62.9W,75,979
41140,1999 Lenny,AL161999,19991120,L, TS,17.3N,61.8W,55,994
41299,2000 Debby,AL072000,20000822,L, HU,17.5N,61.7W,65,993
41300,2000 Debby,AL072000,20000822,L, HU,17.9N,62.8W,65,993
41302,2000 Debby,AL072000,20000822,L, HU,18.5N,64.4W,65,994
41325,2000 Unnamed,AL092000,20000909,L, TD,29.9N,93.9W,25,1009
41371,2000 Gordon,AL112000,20000918,L, TS,29.3N,83.2W,55,991
41413,2000 Helene,AL122000,20000922,L, TS,30.5N,86.6W,35,1006
41525,2000 Keith,AL152000,20001002,L, HU,17.9N,88.0W,65,988
41527,2000 Keith,AL152000,20001003,L, TS,17.9N,88.2W,60,990
41538,2000 Keith,AL152000,20001005,L, HU,22.6N,97.9W,80,980
41625,2001 Allison,AL012001,20010605,L, TS,28.9N,95.3W,45,1003
41647,2001 Allison,AL012001,20010611,L, SD,29.6N,91.6W,30,1004
41700,2001 Barry,AL032001,20010806,L, TS,30.4N,86.3W,60,990
41736,2001 Chantal,AL042001,20010821,L, TS,18.1N,87.8W,60,999
41891,2001 Gabrielle,AL082001,20010914,L, TS,27.1N,82.6W,60,983
41923,2001 Unnamed,AL092001,20010920,L, TD,13.9N,83.5W,30,1006
41970,2001 Iris,AL112001,20011009,L, HU,16.3N,88.4W,125,948
42000,2001 Karen,AL132001,20011015,L, TS,44.2N,64.8W,40,998
42042,2001 Michelle,AL152001,20011104,L, HU,21.5N,81.8W,120,949
42043,2001 Michelle,AL152001,20011104,L, HU,22.1N,81.2W,115,950
42046,2001 Michelle,AL152001,20011105,L, HU,24.3N,78.0W,80,974
42047,2001 Michelle,AL152001,20011105,L, HU,25.4N,76.4W,75,980
42134,2002 Bertha,AL022002,20020805,L, TS,29.4N,89.3W,35,1008
42152,2002 Bertha,AL022002,20020809,L, TD,27.3N,97.4W,20,1011
42207,2002 Edouard,AL052002,20020905,L, TS,29.4N,81.1W,35,1009
42221,2002 Fay,AL062002,20020907,L, TS,28.5N,96.3W,50,999
42258,2002 Gustav,AL082002,20020912,L, HU,45.6N,60.4W,80,960
42260,2002 Gustav,AL082002,20020912,L, HU,47.6N,58.6W,65,963
42282,2002 Hanna,AL092002,20020914,L, TS,29.1N,89.1W,50,1003
42284,2002 Hanna,AL092002,20020914,L, TS,30.4N,88.4W,50,1002
42314,2002 Isidore,AL102002,20020920,L, HU,22.0N,84.1W,75,964
42323,2002 Isidore,AL102002,20020922,L, HU,21.3N,89.3W,110,936
42337,2002 Isidore,AL102002,20020926,L, TS,29.1N,90.3W,55,984
42437,2002 Kyle,AL122002,20021011,L, TS,33.0N,79.5W,35,1011
42439,2002 Kyle,AL122002,20021011,L, TS,33.9N,78.4W,35,1011
42479,2002 Lili,AL132002,20020930,L, HU,19.7N,79.8W,65,986
42483,2002 Lili,AL132002,20021001,L, HU,21.3N,83.0W,90,971
42485,2002 Lili,AL132002,20021001,L, HU,22.1N,84.0W,90,971
42495,2002 Lili,AL132002,20021003,L, HU,29.5N,92.2W,80,963
42509,2002 Unnamed,AL142002,20021016,L, TD,22.0N,80.7W,25,1006
42565,2003 Bill,AL032003,20030630,L, TS,29.3N,91.0W,50,997
42593,2003 Claudette,AL042003,20030711,L, TS,20.8N,86.9W,50,1009
42611,2003 Claudette,AL042003,20030715,L, HU,28.3N,96.2W,80,979
42675,2003 Unnamed,AL072003,20030726,L, TD,31.5N,81.3W,25,1018
42686,2003 Erika,AL082003,20030816,L, HU,25.3N,97.4W,65,986
42751,2003 Grace,AL112003,20030831,L, TS,29.4N,95.1W,35,1007
42771,2003 Henri,AL122003,20030906,L, TD,27.9N,82.8W,30,1006
42833,2003 Isabel,AL132003,20030918,L, HU,34.9N,76.2W,90,957
42869,2003 Juan,AL152003,20030929,L, HU,44.4N,63.8W,85,973
42961,2003 Larry,AL172003,20031005,L, TS,18.4N,93.5W,50,996
43076,2003 Odette,AL202003,20031206,L, TS,17.8N,71.5W,50,995
43166,2004 Bonnie,AL022004,20040812,L, TS,29.6N,85.1W,40,1002
43188,2004 Charley,AL032004,20040813,L, HU,22.7N,82.6W,105,966
43192,2004 Charley,AL032004,20040813,L, HU,26.6N,82.2W,130,941
43193,2004 Charley,AL032004,20040813,L, HU,26.9N,82.1W,125,942
43197,2004 Charley,AL032004,20040814,L, HU,33.0N,79.4W,70,992
43198,2004 Charley,AL032004,20040814,L, HU,33.8N,78.7W,65,997
43296,2004 Frances,AL062004,20040902,L, HU,24.0N,74.5W,110,948
43298,2004 Frances,AL062004,20040903,L, HU,24.6N,75.6W,100,954
43300,2004 Frances,AL062004,20040903,L, HU,25.1N,76.1W,95,956
43305,2004 Frances,AL062004,20040904,L, HU,26.6N,78.2W,90,961
43309,2004 Frances,AL062004,20040905,L, HU,27.2N,80.2W,90,960
43316,2004 Frances,AL062004,20040906,L, TS,30.1N,84.0W,50,982
43342,2004 Gaston,AL072004,20040829,L, HU,33.0N,79.6W,65,985
43375,2004 Hermine,AL082004,20040831,L, TS,41.5N,70.9W,35,1012
43437,2004 Ivan,AL092004,20040916,L, HU,30.2N,87.9W,105,946
43469,2004 Ivan,AL092004,20040924,L, TD,29.8N,93.6W,30,1004
43486,2004 Jeanne,AL112004,20040914,L, TD,16.2N,61.3W,30,1009
43493,2004 Jeanne,AL112004,20040915,L, TS,18.0N,66.0W,60,991
43497,2004 Jeanne,AL112004,20040916,L, HU,18.6N,68.3W,70,985
43535,2004 Jeanne,AL112004,20040925,L, HU,26.7N,77.3W,100,956
43538,2004 Jeanne,AL112004,20040926,L, HU,27.2N,80.2W,105,950
43664,2004 Matthew,AL142004,20041010,L, TS,29.2N,91.0W,35,999
43723,2005 Arlene,AL012005,20050610,L, TS,21.8N,84.5W,45,1000
43731,2005 Arlene,AL012005,20050611,L, TS,30.3N,87.5W,50,991
43746,2005 Bret,AL022005,20050629,L, TS,20.8N,97.3W,35,1005
43751,2005 Cindy,AL032005,20050704,L, TD,19.0N,87.6W,30,1007
43760,2005 Cindy,AL032005,20050706,L, HU,29.2N,90.1W,65,991
43762,2005 Cindy,AL032005,20050706,L, TS,30.2N,89.5W,45,995
43784,2005 Dennis,AL042005,20050704,L, TD,12.1N,61.6W,30,1010
43798,2005 Dennis,AL042005,20050708,L, HU,19.9N,77.6W,120,956
43802,2005 Dennis,AL042005,20050708,L, HU,22.1N,80.7W,120,941
43811,2005 Dennis,AL042005,20050710,L, HU,30.4N,87.1W,105,946
43856,2005 Emily,AL052005,20050714,L, HU,12.0N,61.8W,75,989
43873,2005 Emily,AL052005,20050718,L, HU,20.3N,87.4W,115,955
43882,2005 Emily,AL052005,20050720,L, HU,24.8N,97.6W,110,944
43930,2005 Gert,AL072005,20050725,L, TS,21.8N,97.6W,40,1005
44060,2005 Jose,AL112005,20050823,L, TS,19.7N,96.4W,50,998
44072,2005 Katrina,AL122005,20050825,L, HU,26.0N,80.1W,70,984
44087,2005 Katrina,AL122005,20050829,L, HU,29.3N,89.6W,110,920
44089,2005 Katrina,AL122005,20050829,L, HU,30.2N,89.6W,105,928
44205,2005 Ophelia,AL162005,20050906,L, TD,26.6N,78.3W,25,1010
44327,2005 Rita,AL182005,20050924,L, HU,29.7N,93.7W,100,937
44349,2005 Stan,AL202005,20051002,L, TS,19.6N,87.5W,35,1003
44358,2005 Stan,AL202005,20051004,L, HU,18.6N,94.9W,70,977
44372,2005 Tammy,AL222005,20051005,L, TS,30.4N,81.4W,45,1002
44418,2005 Vince,AL242005,20051011,L, TD,37.2N,7.1W,30,1002
44445,2005 Wilma,AL252005,20051021,L, HU,20.6N,86.8W,130,927
44447,2005 Wilma,AL252005,20051022,L, HU,20.8N,86.9W,115,933
44457,2005 Wilma,AL252005,20051024,L, HU,25.9N,81.7W,105,950
44472,2005 Alpha,AL262005,20051023,L, TS,18.3N,71.3W,45,1000
44494,2005 Beta,AL272005,20051030,L, HU,12.9N,83.5W,90,970
44637,2006 Alberto,AL012006,20060613,L, TS,29.9N,83.7W,40,998
44686,2006 Beryl,AL032006,20060721,L, TS,41.3N,70.1W,45,1000
44756,2006 Ernesto,AL062006,20060828,L, TS,19.9N,75.5W,35,1005
44764,2006 Ernesto,AL062006,20060830,L, TS,24.9N,80.6W,40,1003
44765,2006 Ernesto,AL062006,20060830,L, TS,25.2N,80.7W,40,1003
44774,2006 Ernesto,AL062006,20060901,L, TS,33.9N,78.1W,60,985
45063,2007 Barry,AL022007,20070602,L, TD,27.5N,82.7W,30,1000
45132,2007 Dean,AL042007,20070821,L, HU,18.7N,87.7W,150,905
45138,2007 Dean,AL042007,20070822,L, HU,20.5N,97.0W,85,974
45147,2007 Erin,AL052007,20070816,L, TD,28.0N,96.9W,30,1006
45166,2007 Felix,AL062007,20070901,L, TS,12.1N,61.7W,45,1001
45180,2007 Felix,AL062007,20070904,L, HU,14.3N,83.2W,140,934
45197,2007 Gabrielle,AL072007,20070909,L, TS,34.8N,76.4W,50,1005
45236,2007 Humberto,AL092007,20070913,L, HU,29.6N,94.3W,80,985
45244,2007 Ten,AL102007,20070922,L, TD,30.4N,86.7W,25,1006
45283,2007 Lorenzo,AL132007,20070928,L, HU,20.5N,97.0W,65,993
45366,2007 Noel,AL162007,20071029,L, TS,18.1N,72.5W,45,1002
45370,2007 Noel,AL162007,20071030,L, TS,21.1N,75.8W,50,997
45380,2007 Noel,AL162007,20071101,L, TS,24.1N,77.9W,50,993
45381,2007 Noel,AL162007,20071101,L, TS,25.0N,77.4W,55,992
45404,2007 Olga,AL172007,20071211,L, SS,18.4N,66.5W,40,1005
45406,2007 Olga,AL172007,20071211,L, TS,18.5N,68.4W,50,1003
45427,2008 Arthur,AL012008,20080531,L, TS,17.9N,88.2W,40,1004
45530,2008 Dolly,AL042008,20080721,L, TS,20.8N,87.0W,45,1007
45543,2008 Dolly,AL042008,20080723,L, HU,26.4N,97.2W,75,967
45544,2008 Dolly,AL042008,20080723,L, HU,26.4N,97.4W,70,967
45566,2008 Edouard,AL052008,20080805,L, TS,29.6N,94.2W,55,996
45573,2008 Fay,AL062008,20080815,L, TS,18.5N,68.4W,35,1009
45577,2008 Fay,AL062008,20080816,L, TS,18.8N,72.8W,40,1007
45582,2008 Fay,AL062008,20080817,L, TS,19.9N,77.4W,45,1004
45587,2008 Fay,AL062008,20080818,L, TS,22.1N,80.8W,45,1003
45590,2008 Fay,AL062008,20080818,L, TS,24.5N,81.8W,50,998
45593,2008 Fay,AL062008,20080819,L, TS,25.9N,81.6W,55,991
45604,2008 Fay,AL062008,20080821,L, TS,29.3N,81.1W,55,993
45611,2008 Fay,AL062008,20080823,L, TS,29.8N,84.7W,45,997
45639,2008 Gustav,AL072008,20080826,L, HU,18.1N,72.8W,70,992
45647,2008 Gustav,AL072008,20080828,L, TS,18.0N,76.2W,60,984
45649,2008 Gustav,AL072008,20080829,L, TS,17.9N,77.2W,60,987
45656,2008 Gustav,AL072008,20080830,L, HU,21.6N,82.5W,125,943
45657,2008 Gustav,AL072008,20080830,L, HU,22.4N,83.1W,135,941
45665,2008 Gustav,AL072008,20080901,L, HU,29.2N,90.7W,90,954
45702,2008 Hanna,AL082008,20080902,L, HU,21.8N,72.3W,75,977
45710,2008 Hanna,AL082008,20080903,L, TS,21.7N,71.8W,50,994
45721,2008 Hanna,AL082008,20080906,L, TS,33.8N,78.7W,60,981
45757,2008 Ike,AL092008,20080907,L, HU,21.0N,73.2W,110,947
45760,2008 Ike,AL092008,20080908,L, HU,21.1N,75.7W,115,945
45767,2008 Ike,AL092008,20080909,L, HU,22.6N,82.9W,70,965
45783,2008 Ike,AL092008,20080913,L, HU,29.3N,94.7W,95,950
45842,2008 Kyle,AL112008,20080929,L, HU,43.8N,66.2W,65,985
45889,2008 Marco,AL132008,20081007,L, TS,19.9N,96.5W,55,998
45942,2008 Sixteen,AL162008,20081015,L, TD,15.8N,84.5W,25,1005
45959,2008 Paloma,AL172008,20081109,L, HU,20.7N,78.0W,85,970
46059,2009 Bill,AL032009,20090824,L, TS,46.9N,56.0W,60,976
46072,2009 Claudette,AL042009,20090817,L, TS,30.4N,86.5W,40,1005
46093,2009 Erika,AL062009,20090902,L, TS,16.3N,61.3W,35,1008
46220,2009 Ida,AL112009,20091105,L, HU,12.9N,83.6W,70,985
46255,2010 Alex,AL012010,20100627,L, TS,17.5N,88.2W,55,995
46273,2010 Alex,AL012010,20100701,L, HU,24.2N,97.7W,95,946
46284,2010 Two,AL022010,20100708,L, TD,26.1N,97.1W,30,1006
46294,2010 Bonnie,AL032010,20100722,L, TS,23.0N,75.7W,35,1006
46296,2010 Bonnie,AL032010,20100723,L, TS,23.7N,77.5W,40,1005
46299,2010 Bonnie,AL032010,20100723,L, TS,25.4N,80.2W,35,1007
46464,2010 Earl,AL072010,20100904,L, HU,44.3N,64.5W,65,962
46466,2010 Earl,AL072010,20100904,L, TS,46.0N,62.7W,60,967
46536,2010 Hermine,AL102010,20100907,L, TS,25.3N,97.4W,60,989
46603,2010 Igor,AL112010,20100921,L, HU,46.6N,53.2W,75,950
46669,2010 Karl,AL132010,20100915,L, TS,18.5N,87.8W,55,991
46679,2010 Karl,AL132010,20100917,L, HU,19.3N,96.2W,100,976
46727,2010 Matthew,AL152010,20100924,L, TS,14.7N,83.3W,50,998
46731,2010 Matthew,AL152010,20100925,L, TS,16.5N,88.4W,35,1000
46798,2010 Paula,AL182010,20101011,L, TS,15.0N,83.2W,45,1004
46811,2010 Paula,AL182010,20101014,L, TS,22.7N,83.9W,55,1000
46839,2010 Richard,AL192010,20101025,L, HU,17.2N,88.3W,85,977
46860,2010 Tomas,AL212010,20101030,L, TS,13.0N,59.5W,60,997
46863,2010 Tomas,AL212010,20101030,L, HU,13.4N,61.2W,85,987
46890,2010 Tomas,AL212010,20101106,L, TS,21.7N,71.6W,60,992
46919,2011 Arlene,AL012011,20110630,L, TS,21.6N,97.4W,55,993
46976,2011 Don,AL042011,20110730,L, TD,27.3N,97.4W,30,1007
47043,2011 Harvey,AL082011,20110820,L, TS,17.0N,88.3W,55,995
47050,2011 Harvey,AL082011,20110822,L, TS,18.7N,95.2W,35,1005
47057,2011 Irene,AL092011,20110821,L, TS,17.8N,64.6W,60,993
47059,2011 Irene,AL092011,20110822,L, TS,18.1N,65.8W,60,990
47070,2011 Irene,AL092011,20110824,L, HU,22.4N,74.0W,100,955
47072,2011 Irene,AL092011,20110825,L, HU,23.5N,75.1W,95,952
47074,2011 Irene,AL092011,20110825,L, HU,24.7N,76.2W,90,950
47076,2011 Irene,AL092011,20110825,L, HU,26.5N,77.2W,90,950
47083,2011 Irene,AL092011,20110827,L, HU,34.7N,76.6W,75,952
47087,2011 Irene,AL092011,20110828,L, TS,39.4N,74.4W,60,959
47089,2011 Irene,AL092011,20110828,L, TS,40.6N,74.0W,55,965
47193,2011 Lee,AL132011,20110904,L, SS,29.6N,92.1W,40,986
47245,2011 Maria,AL142011,20110916,L, TS,47.0N,53.5W,60,983
47266,2011 Nate,AL152011,20110911,L, TS,20.5N,97.0W,40,1006
47418,2011 Rina,AL182011,20111028,L, TS,20.5N,87.2W,50,996
47498,2012 Beryl,AL022012,20120528,L, TS,30.2N,81.4W,55,994
47564,2012 Debby,AL042012,20120626,L, TS,29.3N,83.2W,35,995
47595,2012 Ernesto,AL052012,20120808,L, HU,18.7N,87.2W,80,977
47596,2012 Ernesto,AL052012,20120808,L, HU,18.8N,87.7W,85,973
47603,2012 Ernesto,AL052012,20120809,L, TS,18.3N,94.6W,55,989
47663,2012 Helene,AL072012,20120818,L, TD,21.9N,97.7W,30,1008
47685,2012 Gordon,AL082012,20120820,L, HU,37.0N,25.1W,65,984
47711,2012 Isaac,AL092012,20120825,L, TS,18.3N,72.7W,55,991
47713,2012 Isaac,AL092012,20120825,L, TS,20.1N,74.5W,50,997
47727,2012 Isaac,AL092012,20120829,L, HU,28.9N,89.4W,70,967
47730,2012 Isaac,AL092012,20120829,L, HU,29.2N,90.2W,70,966
48068,2012 Sandy,AL182012,20121024,L, HU,17.9N,76.6W,75,971
48070,2012 Sandy,AL182012,20121025,L, HU,20.0N,76.0W,100,954
48092,2012 Sandy,AL182012,20121029,L, EX,39.4N,74.4W,70,945
48125,2013 Andrea,AL012013,20130606,L, TS,29.5N,83.4W,50,992
48142,2013 Barry,AL022013,20130617,L, TD,16.5N,88.4W,30,1006
48153,2013 Barry,AL022013,20130620,L, TS,19.6N,96.4W,40,1003
48244,2013 Fernand,AL062013,20130826,L, TS,19.5N,96.3W,50,1001
48285,2013 Eight,AL082013,20130906,L, TD,22.3N,97.9W,30,1008
48351,2013 Ingrid,AL102013,20130916,L, TS,23.7N,97.7W,55,991
48488,2014 Arthur,AL012014,20140704,L, HU,34.7N,76.6W,85,973
48490,2014 Arthur,AL012014,20140704,L, HU,35.8N,75.5W,85,973
48552,2014 Bertha,AL032014,20140803,L, TS,21.8N,71.9W,40,1013
48624,2014 Dolly,AL052014,20140903,L, TS,22.0N,97.7W,40,1002
48686,2014 Fay,AL072014,20141012,L, HU,32.3N,64.7W,70,984
48698,2014 Gonzalo,AL082014,20141013,L, HU,17.1N,61.8W,65,990
48700,2014 Gonzalo,AL082014,20141013,L, HU,18.1N,63.0W,75,984
48701,2014 Gonzalo,AL082014,20141013,L, HU,18.2N,63.1W,75,984
48719,2014 Gonzalo,AL082014,20141018,L, HU,32.3N,64.8W,95,952
48756,2014 Hanna,AL092014,20141027,L, TS,14.9N,83.3W,35,1005
48783,2015 Ana,AL012015,20150510,L, TS,33.8N,78.8W,40,1002
48797,2015 Bill,AL022015,20150616,L, TS,28.2N,96.7W,50,997
49028,2015 Joaquin,AL112015,20151001,L, HU,23.1N,73.7W,115,942
49033,2015 Joaquin,AL112015,20151002,L, HU,23.6N,74.8W,110,940
49035,2015 Joaquin,AL112015,20151002,L, HU,24.1N,74.5W,110,942
